https://analytics.archive.org/0.gif?version=2&service=wb&server_name=wwwb-app13.us.archive.org&server_ms=733&loadtime=4301&timediff=7&locale=en-US&referrer=-&count=9, 1
https://web.archive.org/web/19970404064352/http://www.apple.com, 0
https://analytics.archive.org/0.gif?version=2&service=wb&server_name=wwwb-app12.us.archive.org&server_ms=613&loadtime=3524&timediff=7&locale=en-US&referrer=-&count=9, 1
https://analytics.archive.org/0.gif?version=2&service=wb&server_name=wwwb-app7.us.archive.org&server_ms=631&loadtime=3490&timediff=7&locale=en-US&referrer=-&count=9, 1
https://analytics.archive.org/0.gif?version=2&service=wb&server_name=wwwb-app7.us.archive.org&server_ms=631&loadtime=2812&timediff=7&locale=en-US&referrer=-&count=9, 1
https://analytics.archive.org/0.gif?version=2&service=wb&server_name=wwwb-app0.us.archive.org&server_ms=556&loadtime=4199&timediff=7&locale=en-US&referrer=-&count=9, 1
https://analytics.archive.org/0.gif?version=2&service=wb&server_name=wwwb-app17.us.archive.org&server_ms=534&loadtime=3669&timediff=7&locale=en-US&referrer=-&count=9, 1
https://analytics.archive.org/0.gif?version=2&service=wb&server_name=wwwb-app36.us.archive.org&server_ms=867&loadtime=3882&timediff=7&locale=en-US&referrer=-&count=9, 1
https://analytics.archive.org/0.gif?version=2&service=wb&server_name=wwwb-app36.us.archive.org&server_ms=1011&loadtime=4217&timediff=7&locale=en-US&referrer=-&count=9, 1
https://analytics.archive.org/0.gif?version=2&service=wb&server_name=wwwb-app12.us.archive.org&server_ms=511&loadtime=4197&timediff=7&locale=en-US&referrer=-&count=9, 1
https://analytics.archive.org/0.gif?version=2&service=wb&server_name=wwwb-app0.us.archive.org&server_ms=160&loadtime=2285&timediff=7&locale=en-US&referrer=-&count=9, 1
https://analytics.archive.org/0.gif?loadtime=4502&timediff=7&kind=pageview&locale=en-US&referrer=-&version=2&count=7, 169
https://analytics.archive.org/0.gif?version=2&service=wb&server_name=wwwb-app17.us.archive.org&server_ms=167&loadtime=3482&timediff=7&locale=en-US&referrer=-&count=9, 1
https://analytics.archive.org/0.gif?loadtime=3877&timediff=7&kind=pageview&locale=en-US&referrer=-&version=2&count=7, 169
https://analytics.archive.org/0.gif?version=2&service=wb&server_name=wwwb-app14.us.archive.org&server_ms=296&loadtime=1119&timediff=7&locale=en-US&referrer=-&count=9, 1
https://analytics.archive.org/0.gif?version=2&service=wb&server_name=wwwb-app0.us.archive.org&server_ms=2385&loadtime=5223&timediff=7&locale=en-US&referrer=-&count=9, 254
https://analytics.archive.org/0.gif?version=2&service=wb&server_name=wwwb-app14.us.archive.org&server_ms=487&loadtime=1844&timediff=7&locale=en-US&referrer=-&count=9, 1
https://analytics.archive.org/0.gif?version=2&service=wb&server_name=wwwb-app0.us.archive.org&server_ms=879&loadtime=2181&timediff=7&locale=en-US&referrer=-&count=9, 1
https://analytics.archive.org/0.gif?version=2&service=wb&server_name=wwwb-app36.us.archive.org&server_ms=802&loadtime=7501&timediff=7&locale=en-US&referrer=-&count=9, 1
https://analytics.archive.org/0.gif?version=2&service=wb&server_name=wwwb-app17.us.archive.org&server_ms=283&loadtime=2872&timediff=7&locale=en-US&referrer=-&count=9, 1
https://analytics.archive.org/0.gif?version=2&service=wb&server_name=wwwb-app4.us.archive.org&server_ms=5174&loadtime=4301&timediff=7&locale=en-US&referrer=-&count=9, 1
https://analytics.archive.org/0.gif?version=2&service=wb&server_name=wwwb-app17.us.archive.org&server_ms=266&loadtime=3411&timediff=7&locale=en-US&referrer=-&count=9, 1
https://analytics.archive.org/0.gif?version=2&service=wb&server_name=wwwb-app18.us.archive.org&server_ms=1131&loadtime=17511&timediff=7&locale=en-US&referrer=-&count=9, 1
https://analytics.archive.org/0.gif?version=2&service=wb&server_name=wwwb-app12.us.archive.org&server_ms=177&loadtime=3229&timediff=7&locale=en-US&referrer=-&count=9, 1
https://analytics.archive.org/0.gif?loadtime=5943&timediff=7&kind=pageview&locale=en-US&referrer=-&version=2&count=7, 169
https://analytics.archive.org/0.gif?version=2&service=wb&server_name=wwwb-app18.us.archive.org&server_ms=430&loadtime=11893&timediff=7&locale=en-US&referrer=-&count=9, 450
https://analytics.archive.org/0.gif?version=2&service=wb&server_name=wwwb-app17.us.archive.org&server_ms=358&loadtime=7840&timediff=7&locale=en-US&referrer=-&count=9, 284
https://analytics.archive.org/0.gif?version=2&service=wb&server_name=wwwb-app1.us.archive.org&server_ms=369&loadtime=2017&timediff=7&locale=en-US&referrer=-&count=9, 1
https://analytics.archive.org/0.gif?version=2&service=wb&server_name=wwwb-app7.us.archive.org&server_ms=243&loadtime=4685&timediff=7&locale=en-US&referrer=-&count=9, 1
https://analytics.archive.org/0.gif?version=2&service=wb&server_name=wwwb-app6.us.archive.org&server_ms=1450&loadtime=6553&timediff=7&locale=en-US&referrer=-&count=9, 1
https://analytics.archive.org/0.gif?version=2&service=wb&server_name=wwwb-app8.us.archive.org&server_ms=194&loadtime=2692&timediff=7&locale=en-US&referrer=-&count=9, 1
https://analytics.archive.org/0.gif?version=2&service=wb&server_name=wwwb-app4.us.archive.org&server_ms=1405&loadtime=2415&timediff=7&locale=en-US&referrer=-&count=9, 1
https://analytics.archive.org/0.gif?version=2&service=wb&server_name=wwwb-app8.us.archive.org&server_ms=1519&loadtime=14322&timediff=7&locale=en-US&referrer=-&count=9, 1
https://analytics.archive.org/0.gif?version=2&service=wb&server_name=wwwb-app14.us.archive.org&server_ms=289&loadtime=14474&timediff=7&locale=en-US&referrer=-&count=9, 450
https://analytics.archive.org/0.gif?version=2&service=wb&server_name=wwwb-app1.us.archive.org&server_ms=1473&loadtime=10331&timediff=7&locale=en-US&referrer=-&count=9, 1
https://analytics.archive.org/0.gif?version=2&service=wb&server_name=wwwb-app13.us.archive.org&server_ms=835&loadtime=3977&timediff=7&locale=en-US&referrer=-&count=9, 1
https://analytics.archive.org/0.gif?version=2&service=wb&server_name=wwwb-app7.us.archive.org&server_ms=3051&loadtime=5427&timediff=7&locale=en-US&referrer=-&count=9, 1
https://analytics.archive.org/0.gif?version=2&service=wb&server_name=wwwb-app15.us.archive.org&server_ms=1552&loadtime=4815&timediff=7&locale=en-US&referrer=-&count=9, 1
https://analytics.archive.org/0.gif?version=2&service=wb&server_name=wwwb-app15.us.archive.org&server_ms=1552&loadtime=3033&timediff=7&locale=en-US&referrer=-&count=9, 1
https://analytics.archive.org/0.gif?version=2&service=wb&server_name=wwwb-app10.us.archive.org&server_ms=776&loadtime=4314&timediff=7&locale=en-US&referrer=-&count=9, 1
https://analytics.archive.org/0.gif?version=2&service=wb&server_name=wwwb-app0.us.archive.org&server_ms=837&loadtime=5365&timediff=7&locale=en-US&referrer=-&count=9, 1
https://analytics.archive.org/0.gif?version=2&service=wb&server_name=wwwb-app19.us.archive.org&server_ms=2242&loadtime=7679&timediff=7&locale=en-US&referrer=-&count=9, 1
https://analytics.archive.org/0.gif?version=2&service=wb&server_name=wwwb-app6.us.archive.org&server_ms=2007&loadtime=6747&timediff=7&locale=en-US&referrer=-&count=9, 1
https://analytics.archive.org/0.gif?version=2&service=wb&server_name=wwwb-app16.us.archive.org&server_ms=655&loadtime=5354&timediff=7&locale=en-US&referrer=-&count=9, 1
https://analytics.archive.org/0.gif?version=2&service=wb&server_name=wwwb-app19.us.archive.org&server_ms=1232&loadtime=7067&timediff=7&locale=en-US&referrer=-&count=9, 1
https://analytics.archive.org/0.gif?version=2&service=wb&server_name=wwwb-app4.us.archive.org&server_ms=1266&loadtime=8684&timediff=7&locale=en-US&referrer=-&count=9, 1
https://analytics.archive.org/0.gif?version=2&service=wb&server_name=wwwb-app7.us.archive.org&server_ms=1154&loadtime=9567&timediff=7&locale=en-US&referrer=-&count=9, 1
https://analytics.archive.org/0.gif?version=2&service=wb&server_name=wwwb-app17.us.archive.org&server_ms=1309&loadtime=9658&timediff=7&locale=en-US&referrer=-&count=9, 1
https://analytics.archive.org/0.gif?version=2&service=wb&server_name=wwwb-app18.us.archive.org&server_ms=741&loadtime=7902&timediff=7&locale=en-US&referrer=-&count=9, 1
https://analytics.archive.org/0.gif?version=2&service=wb&server_name=wwwb-app36.us.archive.org&server_ms=2393&loadtime=13396&timediff=7&locale=en-US&referrer=-&count=9, 1
https://analytics.archive.org/0.gif?version=2&service=wb&server_name=wwwb-app10.us.archive.org&server_ms=2520&loadtime=6957&timediff=7&locale=en-US&referrer=-&count=9, 1
https://analytics.archive.org/0.gif?version=2&service=wb&server_name=wwwb-app0.us.archive.org&server_ms=1256&loadtime=10547&timediff=7&locale=en-US&referrer=-&count=9, 1
https://analytics.archive.org/0.gif?version=2&service=wb&server_name=wwwb-app4.us.archive.org&server_ms=1950&loadtime=10285&timediff=7&locale=en-US&referrer=-&count=9, 1
https://analytics.archive.org/0.gif?version=2&service=wb&server_name=wwwb-app13.us.archive.org&server_ms=927&loadtime=12860&timediff=7&locale=en-US&referrer=-&count=9, 1
https://analytics.archive.org/0.gif?version=2&service=wb&server_name=wwwb-app0.us.archive.org&server_ms=1213&loadtime=9035&timediff=7&locale=en-US&referrer=-&count=9, 1
https://analytics.archive.org/0.gif?version=2&service=wb&server_name=wwwb-app13.us.archive.org&server_ms=1199&loadtime=5257&timediff=7&locale=en-US&referrer=-&count=9, 1
https://analytics.archive.org/0.gif?version=2&service=wb&server_name=wwwb-app10.us.archive.org&server_ms=797&loadtime=4384&timediff=7&locale=en-US&referrer=-&count=9, 1
https://analytics.archive.org/0.gif?version=2&service=wb&server_name=wwwb-app1.us.archive.org&server_ms=1116&loadtime=4211&timediff=7&locale=en-US&referrer=-&count=9, 1
https://analytics.archive.org/0.gif?version=2&service=wb&server_name=wwwb-app1.us.archive.org&server_ms=1439&loadtime=5805&timediff=7&locale=en-US&referrer=-&count=9, 1
https://analytics.archive.org/0.gif?version=2&service=wb&server_name=wwwb-app15.us.archive.org&server_ms=1177&loadtime=7061&timediff=7&locale=en-US&referrer=-&count=9, 1
https://analytics.archive.org/0.gif?version=2&service=wb&server_name=wwwb-app19.us.archive.org&server_ms=877&loadtime=5564&timediff=7&locale=en-US&referrer=-&count=9, 1
https://analytics.archive.org/0.gif?version=2&service=wb&server_name=wwwb-app7.us.archive.org&server_ms=2419&loadtime=11530&timediff=7&locale=en-US&referrer=-&count=9, 1
https://analytics.archive.org/0.gif?version=2&service=wb&server_name=wwwb-app16.us.archive.org&server_ms=993&loadtime=4809&timediff=7&locale=en-US&referrer=-&count=9, 1
https://analytics.archive.org/0.gif?version=2&service=wb&server_name=wwwb-app17.us.archive.org&server_ms=1398&loadtime=8452&timediff=7&locale=en-US&referrer=-&count=9, 1
https://analytics.archive.org/0.gif?version=2&service=wb&server_name=wwwb-app14.us.archive.org&server_ms=972&loadtime=6846&timediff=7&locale=en-US&referrer=-&count=9, 1
https://analytics.archive.org/0.gif?version=2&service=wb&server_name=wwwb-app17.us.archive.org&server_ms=1619&loadtime=8295&timediff=7&locale=en-US&referrer=-&count=9, 1
https://analytics.archive.org/0.gif?version=2&service=wb&server_name=wwwb-app0.us.archive.org&server_ms=2175&loadtime=4816&timediff=7&locale=en-US&referrer=-&count=9, 1
https://analytics.archive.org/0.gif?version=2&service=wb&server_name=wwwb-app14.us.archive.org&server_ms=3119&loadtime=9116&timediff=7&locale=en-US&referrer=-&count=9, 1
https://analytics.archive.org/0.gif?version=2&service=wb&server_name=wwwb-app7.us.archive.org&server_ms=1532&loadtime=5751&timediff=7&locale=en-US&referrer=-&count=9, 1
https://analytics.archive.org/0.gif?version=2&service=wb&server_name=wwwb-app11.us.archive.org&server_ms=892&loadtime=6095&timediff=7&locale=en-US&referrer=-&count=9, 1
https://analytics.archive.org/0.gif?version=2&service=wb&server_name=wwwb-app6.us.archive.org&server_ms=861&loadtime=8068&timediff=7&locale=en-US&referrer=-&count=9, 1
https://analytics.archive.org/0.gif?version=2&service=wb&server_name=wwwb-app6.us.archive.org&server_ms=927&loadtime=8089&timediff=7&locale=en-US&referrer=-&count=9, 1
https://analytics.archive.org/0.gif?version=2&service=wb&server_name=wwwb-app13.us.archive.org&server_ms=1715&loadtime=6247&timediff=7&locale=en-US&referrer=-&count=9, 1
